{
  "dataset": "scifact",
  "total_runs": 900,
  "alpha_range": {
    "min": 0.0,
    "max": 1.0
  },
  "optimal_alpha": 0.5,
  "alpha_statistics": {
    "0.0": {
      "alpha": 0.0,
      "run_count": 300,
      "avg_response_time": 0.18052055835723876,
      "std_response_time": 0.28413642189073296,
      "min_response_time": 0.1448211669921875,
      "max_response_time": 5.082859992980957,
      "avg_ndcg@10": 0.12426343973156667,
      "avg_recall@10": 0.19816666666666669
    },
    "0.5": {
      "alpha": 0.5,
      "run_count": 300,
      "avg_response_time": 0.15526923338572185,
      "std_response_time": 0.01799616971355647,
      "min_response_time": 0.13052892684936523,
      "max_response_time": 0.2628650665283203,
      "avg_ndcg@10": 0.7218132060403303,
      "avg_recall@10": 0.7403333333333334
    },
    "1.0": {
      "alpha": 1.0,
      "run_count": 300,
      "avg_response_time": 0.16043855667114257,
      "std_response_time": 0.018777302148549543,
      "min_response_time": 0.13212013244628906,
      "max_response_time": 0.27503490447998047,
      "avg_ndcg@10": 0.7218132060403303,
      "avg_recall@10": 0.7403333333333334
    }
  },
  "performance_trend": "balanced",
  "metric_preference": "ndcg@10"
}